Workbook

Sheet Iris
A1: Id | B1: SepalLengthCm | C1: SepalWidthCm | D1: PetalLengthCm | E1: PetalWidthCm | F1: Species
A2: 1 | B2: 5.1 | C2: 3.5 | D2: 1.4 | E2: 0.2 | F2: Iris-setosa
A3: 2 | B3: 4.9 | C3: 3 | D3: 1.4 | E3: 0.2 | F3: Iris-setosa
A4: 3 | B4: 4.7 | C4: 3.2 | D4: 1.3 | E4: 0.2 | F4: Iris-setosa
A5: 4 | B5: 4.6 | C5: 3.1 | D5: 1.5 | E5: 0.2 | F5: Iris-setosa
A6: 5 | B6: 5 | C6: 3.6 | D6: 1.4 | E6: 0.2 | F6: Iris-setosa
A7: 6 | B7: 5.4 | C7: 3.9 | D7: 1.7 | E7: 0.4 | F7: Iris-setosa
A8: 7 | B8: 4.6 | C8: 3.4 | D8: 1.4 | E8: 0.3 | F8: Iris-setosa
A9: 8 | B9: 5 | C9: 3.4 | D9: 1.5 | E9: 0.2 | F9: Iris-setosa
A10: 9 | B10: 4.4 | C10: 2.9 | D10: 1.4 | E10: 0.2 | F10: Iris-setosa
A11: 10 | B11: 4.9 | C11: 3.1 | D11: 1.5 | E11: 0.1 | F11: Iris-setosa
A12: 11 | B12: 5.4 | C12: 3.7 | D12: 1.5 | E12: 0.2 | F12: Iris-setosa
A13: 12 | B13: 4.8 | C13: 3.4 | D13: 1.6 | E13: 0.2 | F13: Iris-setosa
... A151: 150 | B151: 5.9 | C151: 3 | D151: 5.1 | E151: 1.8 | F151: Iris-virginica

Sheet Summary Statistics
A1: Statistic | B1: SepalLengthCm | C1: SepalWidthCm | D1: PetalLengthCm | E1: PetalWidthCm
A2: Mean | B2: =AVERAGE(Iris!B2:B151) -> 5.8433333 | C2: =AVERAGE(Iris!C2:C151) -> 3.054 | D2: =AVERAGE(Iris!D2:D151) -> 3.7586667 | E2: =AVERAGE(Iris!E2:E151) -> 1.1986667
A3: Median | B3: =MEDIAN(Iris!B2:B151) -> 5.8 | C3: =MEDIAN(Iris!D2:D151) -> 4.35 | D3: =MEDIAN(Iris!D2:D151) -> 4.35 | E3: =MEDIAN(Iris!E2:E151) -> 1.3
A4: Mode | B4: =_xlfn.MODE.SNGL(Iris!B2:B151) -> 5 | C4: =_xlfn.MODE.SNGL(Iris!C2:C151) -> 3 | D4: =_xlfn.MODE.SNGL(Iris!D2:D151) -> 1.5 | E4: =_xlfn.MODE.SNGL(Iris!E2:E151) -> 0.2
A5: Standard Deviation | B5: =_xlfn.STDEV.S(Iris!B2:B151) -> 0.82806613 | C5: =_xlfn.STDEV.S(Iris!C2:C151) -> 0.43359431 | D5: =_xlfn.STDEV.S(Iris!D2:D151) -> 1.7644204 | E5: =_xlfn.STDEV.S(Iris!E2:E151) -> 0.76316074
A6: 25th Percentile | B6: =_xlfn.PERCENTILE.INC(Iris!B2:B151,25%) -> 5.1 | C6: =_xlfn.PERCENTILE.INC(Iris!C2:C151,25%) -> 2.8 | D6: =_xlfn.PERCENTILE.INC(Iris!D2:D151,25%) -> 1.6 | E6: =_xlfn.PERCENTILE.INC(Iris!E2:E151,25%) -> 0.3
A7: 50th Percentile | B7: =_xlfn.PERCENTILE.INC(Iris!B2:B151,50%) -> 5.8 | C7: =_xlfn.PERCENTILE.INC(Iris!C2:C151,50%) -> 3 | D7: =_xlfn.PERCENTILE.INC(Iris!D2:D151,50%) -> 4.35 | E7: =_xlfn.PERCENTILE.INC(Iris!E2:E151,50%) -> 1.3
A8: 75th Percentile | B8: =_xlfn.PERCENTILE.INC(Iris!B2:B151,75%) -> 6.4 | C8: =_xlfn.PERCENTILE.INC(Iris!C2:C151,75%) -> 3.3 | D8: =_xlfn.PERCENTILE.INC(Iris!D2:D151,75%) -> 5.1 | E8: =_xlfn.PERCENTILE.INC(Iris!E2:E151,75%) -> 1.8
A11: 1.Mean and Median:
A12: Mean and median values are close for most variables, indicating a relatively balanced distribution.
A14: 2. Mode:
A15: Mode represents the value that occurs most frequently in each variable.
A18: 3. Standard Deviation:
A19: Standard deviation shows how much the values vary from the mean. Higher standard deviation indicates greater spread.
A21: 4. Percentiles:
A22: The 25th percentile represents the lower quarter of the data, 50th percentile represents the median, and 75th percentile represents the upper quarter.
A24: 5. Overall Finding:
A25: The descriptive statistics summarize the central tendency and spread of the four Iris flower measurements.
